Workbook

Sheet README
B2: Last-Mile Misdelivery: Cost Impact & Verification ROI Model
B3: Supply chain / operations analysis • Portfolio project
B5: PURPOSE
B6: Wrong-address deliveries are one of the most persistent and costly failures in last-mile logistics. This model quantifies the annual cost of address-caused delivery failures across the US parcel market, then estimates how much of that cost a doorstep verification system could recover under conservative, moderate, and optimistic assumptions. It is a decision-support tool: it turns a known operational pain point into sized, defensible numbers.
B8: METHODOLOGY
B9: 1. Establish the addressable problem: parcel volume x first-attempt failure rate x share of failures caused by address/location errors x cost per failed delivery.
B10: 2. Model a verification intervention: for the share of volume that adopts the system, estimate failures prevented (effectiveness) and value recovered, net of the system's operating cost.
B11: 3. Stress-test the result across adoption and effectiveness levels (Scenarios tab) so the conclusion does not depend on best-case assumptions.
B13: HOW TO USE
B14: All inputs live on the Assumptions tab in blue. Change any blue cell and every downstream number and chart updates. Black = calculated in-sheet; green = pulled from another tab.
B16: KEY SOURCES (verify and update before external use)
B17: • US parcel volume ~24.6B/yr (2026 est) — Pitney Bowes / SellersCommerce
... B24: Benchmark figures are illustrative industry estimates gathered from public sources and should be re-verified before any external use. Effectiveness and cost-per-verification are modeling assumptions used to demonstrate methodology, not validated performance claims.

Sheet Assumptions
B2: Assumptions & Inputs
B3: Blue = editable input. Change these to drive the whole model.
B5: Parameter | C5: Value | D5: Unit | E5: Source / Note
B6: Annual US parcel volume | C6: 24600000000 | D6: parcels | E6: Pitney Bowes / SellersCommerce, 2026 est.
B7: First-attempt failure rate | C7: 0.08 | D7: % | E7: Loqate / Harvard Business Review
B8: Address-error share of failures | C8: 0.45 | D8: % | E8: Shipsy, 2024
B9: Cost per failed delivery | C9: 17.2 | D9: $ | E9: Loqate
B10: Verification effectiveness (default) | C10: 0.7 | D10: % reduction | E10: ANALYST ASSUMPTION — reduction in address-caused failures on covered volume
B11: Operating cost per verification | C11: 0.15 | D11: $ | E11: ANALYST ASSUMPTION — NFC tag amortization + app/API integration per delivery

Sheet Cost Model
B2: Baseline: Sizing the Addressable Problem
B3: The annual cost of address-caused delivery failures at current-state performance.
B5: Line item | C5: Value | D5: Unit | E5: Basis
B6: Annual US parcel volume | C6: =Assumptions!C6 | D6: parcels | E6: Input
B7: First-attempt failure rate | C7: =Assumptions!C7 | D7: % | E7: Input
B8: Total failed first attempts | C8: =C6*C7 | D8: deliveries | E8: Volume x failure rate
B9: Address-error share of failures | C9: =Assumptions!C8 | D9: % | E9: Input
B10: Address-caused failures (addressable) | C10: =C8*C9 | D10: deliveries | E10: Failures x address share
B11: Cost per failed delivery | C11: =Assumptions!C9 | D11: $ | E11: Input
B12: ADDRESSABLE PROBLEM (annual cost) | C12: =C10*C11 | D12: $/yr | E12: Addressable failures x cost
B15: Read: this is the pool of money currently lost each year to wrong-address failures — the ceiling on what any verification fix could recover.

Sheet Scenarios
B2: Scenario Analysis: Value Recovered by a Verification System
B3: Not all volume adopts, and no system is perfect. Three cases bracket the outcome.
B5: Scenario inputs
C6: Conservative | D6: Moderate | E6: Optimistic
B7: Adoption (share of volume covered) | C7: 0.05 | D7: 0.2 | E7: 0.5
B8: Effectiveness (reduction of address failures) | C8: 0.6 | D8: 0.75 | E8: 0.9
B10: Results
C11: Conservative | D11: Moderate | E11: Optimistic
B12: Covered volume | C12: =Assumptions!$C$6*C7 | D12: =Assumptions!$C$6*D7 | E12: =Assumptions!$C$6*E7
B13: Address failures in covered volume | C13: =C12*Assumptions!$C$7*Assumptions!$C$8 | D13: =D12*Assumptions!$C$7*Assumptions!$C$8 | E13: =E12*Assumptions!$C$7*Assumptions!$C$8
B14: Failures prevented | C14: =C13*C8 | D14: =D13*D8 | E14: =E13*E8
B15: Value recovered ($/yr) | C15: =C14*Assumptions!$C$9 | D15: =D14*Assumptions!$C$9 | E15: =E14*Assumptions!$C$9
B16: System operating cost ($/yr) | C16: =C12*Assumptions!$C$11 | D16: =D12*Assumptions!$C$11 | E16: =E12*Assumptions!$C$11
B17: NET value recovered ($/yr) | C17: =C15-C16 | D17: =D15-D16 | E17: =E15-E16
B18: Benefit-cost ratio (recovered / cost) | C18: =C15/C16 | D18: =D15/D16 | E18: =E15/E16
B21: Sensitivity: NET value recovered ($/yr)
B22: Rows = adoption | Columns = effectiveness
B23: Adoption \ Effectiveness | C23: 0.6 | D23: 0.7 | E23: 0.8 | F23: 0.9
B24: 0.05 | C24: =(Assumptions!$C$6*$B24*Assumptions!$C$7*Assumptions!$C$8*C$23*Assumptions!$C$9)-(Assumptions!$C$6*$B24*Assumptions!$C$11) | D24: =(Assumptions!$C$6*$B24*Assumptions!$C$7*Assumptions!$C$8*D$23*Assumptions!$C$9)-(Assumptions!$C$6*$B24*Assumptions!$C$11) | E24: =(Assumptions!$C$6*$B24*Assumptions!$C$7*Assumptions!$C$8*E$23*Assumptions!$C$9)-(Assumptions!$C$6*$B24*Assumptions!$C$11) | F24: =(Assumptions!$C$6*$B24*Assumptions!$C$7*Assumptions!$C$8*F$23*Assumptions!$C$9)-(Assumptions!$C$6*$B24*Assumptions!$C$11)
B25: 0.1 | C25: =(Assumptions!$C$6*$B25*Assumptions!$C$7*Assumptions!$C$8*C$23*Assumptions!$C$9)-(Assumptions!$C$6*$B25*Assumptions!$C$11) | D25: =(Assumptions!$C$6*$B25*Assumptions!$C$7*Assumptions!$C$8*D$23*Assumptions!$C$9)-(Assumptions!$C$6*$B25*Assumptions!$C$11) | E25: =(Assumptions!$C$6*$B25*Assumptions!$C$7*Assumptions!$C$8*E$23*Assumptions!$C$9)-(Assumptions!$C$6*$B25*Assumptions!$C$11) | F25: =(Assumptions!$C$6*$B25*Assumptions!$C$7*Assumptions!$C$8*F$23*Assumptions!$C$9)-(Assumptions!$C$6*$B25*Assumptions!$C$11)
B26: 0.2 | C26: =(Assumptions!$C$6*$B26*Assumptions!$C$7*Assumptions!$C$8*C$23*Assumptions!$C$9)-(Assumptions!$C$6*$B26*Assumptions!$C$11) | D26: =(Assumptions!$C$6*$B26*Assumptions!$C$7*Assumptions!$C$8*D$23*Assumptions!$C$9)-(Assumptions!$C$6*$B26*Assumptions!$C$11) | E26: =(Assumptions!$C$6*$B26*Assumptions!$C$7*Assumptions!$C$8*E$23*Assumptions!$C$9)-(Assumptions!$C$6*$B26*Assumptions!$C$11) | F26: =(Assumptions!$C$6*$B26*Assumptions!$C$7*Assumptions!$C$8*F$23*Assumptions!$C$9)-(Assumptions!$C$6*$B26*Assumptions!$C$11)
B27: 0.35 | C27: =(Assumptions!$C$6*$B27*Assumptions!$C$7*Assumptions!$C$8*C$23*Assumptions!$C$9)-(Assumptions!$C$6*$B27*Assumptions!$C$11) | D27: =(Assumptions!$C$6*$B27*Assumptions!$C$7*Assumptions!$C$8*D$23*Assumptions!$C$9)-(Assumptions!$C$6*$B27*Assumptions!$C$11) | E27: =(Assumptions!$C$6*$B27*Assumptions!$C$7*Assumptions!$C$8*E$23*Assumptions!$C$9)-(Assumptions!$C$6*$B27*Assumptions!$C$11) | F27: =(Assumptions!$C$6*$B27*Assumptions!$C$7*Assumptions!$C$8*F$23*Assumptions!$C$9)-(Assumptions!$C$6*$B27*Assumptions!$C$11)
B28: 0.5 | C28: =(Assumptions!$C$6*$B28*Assumptions!$C$7*Assumptions!$C$8*C$23*Assumptions!$C$9)-(Assumptions!$C$6*$B28*Assumptions!$C$11) | D28: =(Assumptions!$C$6*$B28*Assumptions!$C$7*Assumptions!$C$8*D$23*Assumptions!$C$9)-(Assumptions!$C$6*$B28*Assumptions!$C$11) | E28: =(Assumptions!$C$6*$B28*Assumptions!$C$7*Assumptions!$C$8*E$23*Assumptions!$C$9)-(Assumptions!$C$6*$B28*Assumptions!$C$11) | F28: =(Assumptions!$C$6*$B28*Assumptions!$C$7*Assumptions!$C$8*F$23*Assumptions!$C$9)-(Assumptions!$C$6*$B28*Assumptions!$C$11)

Sheet Dashboard
B2: Dashboard — Headline Findings
B3: US parcel market, annual basis. See Assumptions for inputs.
B5: Addressable problem ($/yr) | E5: Moderate net recovered ($/yr)
B6: ='Cost Model'!C12 | E6: =Scenarios!D17
B8: Moderate benefit-cost ratio | E8: Addressable failures (parcels/yr)
B9: =Scenarios!D18 | E9: ='Cost Model'!C10
B11: First-attempt success rate
B12: Current (baseline) | C12: =1-Assumptions!C7
B13: With verification (moderate adoption) | C13: =(1-Assumptions!C7)+(Scenarios!D14/Assumptions!C6)
B16: Net value recovered by scenario ($/yr)
B17: Conservative | C17: =Scenarios!C17
B18: Moderate | C18: =Scenarios!D17
B19: Optimistic | C19: =Scenarios!E17
B22: Operational Diagnostic — Simulated ERP Data (1,000 deliveries)
B24: First-Attempt Rate | D24: OTIF Rate | F24: Worst Failure Combo
B25: 0.838 | D25: 0.746 | F25: 0.4571
B27: Worst-performing combination: Coastal Express in Southwest region
B28: Top failure cause: CARRIER_DELAY (51.23% of all failures)
B29: See 'SQL Diagnostic Summary' and 'Data Cleaning (Excel)' tabs for full methodology and query documentation.

Sheet ERP Raw Export (Sample)
B2: Simulated SAP SD Delivery Export — Raw Pull
B3: First 150 of 1,020 raw records as pulled from the ERP report, before cleaning. Note inconsistent date formats, casing, and duplicate rows — typical of a real export.
B5: Delivery_ID | C5: Order_ID | D5: Region | E5: Carrier | F5: Ship_Date | G5: Promised_Delivery_Date | H5: Actual_Delivery_Date | I5: Delivery_Status | J5: Failure_Reason_Code | K5: Order_Complete | L5: Distance_Miles
B6: 100000 | C6: 200000 | D6: Southeast | E6: Apex Freight | F6: 2025-11-05 | G6: 11/08/2025 | H6: 11/08/2025 | I6: Delivered | K6: Y | L6: 47
B7: 100001 | C7: 200001 | D7: Northeast | E7: apex freight | F7: 28-Oct-2025 | G7: 10/31/2025 | H7: 02-Nov-2025 | I7: Delivered - Late | K7: Y | L7: 573
B8: 100002 | C8: 200002 | D8: PACIFIC NORTHWEST | E8: Northline Logistics | F8: 27-Nov-2025 | G8: 02-Dec-2025 | H8: 02-Dec-2025 | I8: Delivered | K8: Y | L8: 363
B9: 100003 | C9: 200003 | D9: West | E9: Northline Logistics | F9: 28-Oct-2025 | G9: 31-Oct-2025 | I9: Failed - Carrier Delay | J9: CARRIER_DELAY | L9: 404
B10: 100004 | C10: 200004 | D10: Southeast | E10: Coastal Express | F10: 2025-11-14 | G10: 19-Nov-2025 | H10: 2025-11-23 | I10: DELIVERED - LATE | K10: Y | L10: 402
B11: 100005 | C11: 200005 | D11: Southeast | E11: Coastal Express | F11: 12/20/2025 | G11: 12/25/2025 | H11: 12/25/2025 | I11: Delivered | K11: Y | L11: 61
B12: 100006 | C12: 200006 | D12: Southwest | E12: Coastal Express | F12: 2025-10-11 | G12: 10/14/2025 | H12: 13-Oct-2025 | I12: Delivered | K12: Y | L12: 388
B13: 100007 | C13: 200007 | D13: Midwest | E13: Coastal Express | F13: 11/15/2025 | G13: 11/18/2025 | H13: 2025-11-18 | I13: Delivered | K13: Y | L13: 190
B14: 100008 | C14: 200008 | D14: Southwest | E14: Northline Logistics | F14: 2025-11-29 | G14: 12/03/2025 | H14: 12/03/2025 | I14: Delivered | K14: Y | L14: 72
B15: 100009 | C15: 200009 | D15: Southwest | E15: Apex Freight | F15: 2025-11-10 | G15: 2025-11-14 | H15: 13-Nov-2025 | I15: Delivered | K15: Y | L15: 526
B16: 100010 | C16: 200010 | D16: Pacific Northwest | E16: Summit Carriers | F16: 10/19/2025 | G16: 10/22/2025 | H16: 2025-10-21 | I16: Delivered | K16: Y | L16: 453
B17: 100011 | C17: 200011 | D17: Pacific Northwest | E17: Coastal Express | F17: 2025-10-29 | G17: 2025-11-01 | H17: 01-Nov-2025 | I17: Delivered | K17: Y | L17: 171
B18: 100012 | C18: 200012 | D18: Midwest | E18: Summit Carriers | F18: 16-Dec-2025 | G18: 12/18/2025 | H18: 12/17/2025 | I18: Delivered | K18: Y | L18: 581
B19: 100013 | C19: 200013 | D19: Northeast | E19: Apex Freight | F19: 27-Dec-2025 | G19: 01/01/2026 | H19: 2025-12-31 | I19: Delivered | K19: Y | L19: 460
B20: 100014 | C20: 200014 | D20: Midwest | E20: Summit Carriers | F20: 10/01/2025 | G20: 2025-10-04 | H20: 2025-10-04 | I20: DELIVERED | K20: Y | L20: 320
B21: 100015 | C21: 200015 | D21: Southwest | E21: Northline Logistics | F21: 17-Nov-2025 | G21: 11/20/2025 | H21: 20-Nov-2025 | I21: Delivered | K21: Y | L21: 515
... B25: 100019 | C25: 200019 | D25: Mid-Atlantic | E25: Apex Freight | F25: 2025-12-15 | G25: 12/20/2025 | H25: 12/20/2025 | I25: Delivered | K25: Y | L25: 75
B26: 100020 | C26: 200020 | D26: Southwest | E26: Apex Freight | F26: 2025-10-05 | G26: 2025-10-08 | I26: Failed - Carrier Delay | J26: CARRIER_DELAY | L26: 258
B27: 100021 | C27: 200021 | D27: West | E27: Summit Carriers | F27: 2025-10-28 | G27: 2025-11-02 | H27: 01-Nov-2025 | I27: Delivered | K27: Y | L27: 499
B28: 100022 | C28: 200022 | D28: Pacific Northwest | E28: NORTHLINE LOGISTICS | F28: 2025-10-13 | G28: 15-Oct-2025 | H28: 10/14/2025 | I28: Delivered | K28: Y | L28: 70
B29: 100023 | C29: 200023 | D29: Southeast | E29: Apex Freight | F29: 2025-11-21 | G29: 2025-11-24 | H29: 24-Nov-2025 | I29: Delivered | K29: Y | L29: 474
B30: 100024 | C30: 200024 | D30: Midwest | E30: Summit Carriers | F30: 2025-10-24 | G30: 27-Oct-2025 | H30: 10/27/2025 | I30: Delivered | K30: Y | L30: 578
B31: 100025 | C31: 200025 | D31: Southeast | E31: Apex Freight | F31: 23-Dec-2025 | G31: 28-Dec-2025 | H31: 28-Dec-2025 | I31: Delivered | K31: Y | L31: 512
B32: 100026 | C32: 200026 | D32: Mountain | E32: Northline Logistics | F32: 21-Nov-2025 | G32: 11/23/2025 | I32: Failed - Carrier Delay | J32: CARRIER_DELAY | L32: 17
B33: 100027 | C33: 200027 | D33: PACIFIC NORTHWEST | E33: coastal express | F33: 2025-11-28 | G33: 12/01/2025 | H33: 30-Nov-2025 | I33: Delivered | K33: Y | L33: 318
B34: 100028 | C34: 200028 | D34: Southwest | E34: Apex Freight | F34: 12/14/2025 | G34: 2025-12-19 | I34: Failed - Carrier Delay | J34: CARRIER_DELAY | L34: 336
B35: 100029 | C35: 200029 | E35: Apex Freight | F35: 2025-12-14 | G35: 2025-12-18 | H35: 2025-12-18 | I35: Delivered | K35: Y | L35: 535
B36: 100030 | C36: 200030 | D36: Southeast | E36: Northline Logistics | F36: 10/09/2025 | G36: 2025-10-14 | I36: failed - carrier delay | J36: CARRIER_DELAY | L36: 255
B37: 100031 | C37: 200031 | D37: Pacific Northwest | E37: Apex Freight | F37: 12-Dec-2025 | G37: 12/15/2025 | H37: 16-Dec-2025 | I37: Delivered - Late | K37: Y | L37: 612
B38: 100032 | C38: 200032 | D38: Mid-Atlantic | E38: Coastal Express | F38: 2025-10-27 | G38: 30-Oct-2025 | H38: 2025-10-29 | I38: delivered | K38: Y | L38: 89
B39: 100033 | C39: 200033 | D39: Northeast | E39: Summit Carriers | F39: 12/19/2025 | G39: 2025-12-24 | H39: 24-Dec-2025 | I39: Delivered | K39: Y | L39: 150
B40: 100034 | C40: 200034 | D40: Mid-Atlantic | E40: Apex Freight | F40: 11/01/2025 | G40: 04-Nov-2025 | H40: 11/03/2025 | I40: Delivered | K40: Y | L40: 556
B41: 100035 | C41: 200035 | D41: Northeast | E41: Coastal Express | F41: 12/24/2025 | G41: 12/26/2025 | H41: 2025-12-26 | I41: delivered | K41: Y | L41: 581
B42: 100036 | C42: 200036 | D42: Midwest | E42: COASTAL EXPRESS | F42: 11/06/2025 | G42: 2025-11-11 | H42: 11/10/2025 | I42: Delivered | K42: Y | L42: 272
B43: 100037 | C43: 200037 | D43: Northeast | E43: Apex Freight | F43: 12/21/2025 | G43: 12/25/2025 | H43: 12/28/2025 | I43: Delivered - Late | K43: Y | L43: 283
B44: 100038 | C44: 200038 | D44: MIDWEST | E44: Summit Carriers | F44: 10-Dec-2025 | G44: 2025-12-14 | H44: 12/14/2025 | I44: Delivered | K44: Y | L44: 393
B45: 100039 | C45: 200039 | D45: Midwest | E45: Summit Carriers | F45: 17-Oct-2025 | G45: 2025-10-19 | H45: 10/19/2025 | I45: delivered | K45: Y | L45: 230
B46: 100040 | C46: 200040 | D46: Southwest | E46: Apex Freight | F46: 15-Nov-2025 | G46: 2025-11-20 | H46: 2025-11-20 | I46: Delivered | K46: Y | L46: 257
B47: 100041 | C47: 200041 | D47: Midwest | E47: NORTHLINE LOGISTICS | F47: 2025-11-22 | G47: 2025-11-24 | I47: Failed - Carrier Delay | J47: CARRIER_DELAY | L47: 355
B48: 100042 | C48: 200042 | D48: Pacific Northwest | E48: Northline Logistics | F48: 2025-11-04 | G48: 07-Nov-2025 | H48: 11/08/2025 | I48: Delivered - Late | K48: Y | L48: 242
B49: 100043 | C49: 200043 | D49: Southwest | E49: Summit Carriers | F49: 2025-11-14 | G49: 2025-11-17 | H49: 17-Nov-2025 | I49: Delivered | K49: N | L49: 212
B50: 100044 | C50: 200044 | D50: Pacific Northwest | E50: Coastal Express | F50: 2025-11-05 | G50: 11/07/2025 | H50: 06-Nov-2025 | I50: Delivered | K50: Y | L50: 564
B51: 100045 | C51: 200045 | D51: Mid-Atlantic | E51: Apex Freight | F51: 2025-10-15 | G51: 2025-10-18 | H51: 10/17/2025 | I51: Delivered | K51: N | L51: 459
B52: 100046 | C52: 200046 | D52: Mid-Atlantic | E52: Coastal Express | F52: 25-Nov-2025 | G52: 11/30/2025 | H52: 11/30/2025 | I52: Delivered | K52: Y | L52: 461
B53: 100047 | C53: 200047 | D53: Northeast | E53: Northline Logistics | F53: 2025-11-16 | G53: 11/20/2025 | I53: Failed - Carrier Delay | J53: CARRIER_DELAY | L53: 353
B54: 100048 | C54: 200048 | D54: MID-ATLANTIC | E54: APEX FREIGHT | F54: 2025-11-08 | G54: 11/13/2025 | H54: 12-Nov-2025 | I54: Delivered | K54: Y | L54: 582
B55: 100049 | C55: 200049 | D55: Midwest | E55: Northline Logistics | F55: 2025-11-23 | G55: 11/27/2025 | H55: 26-Nov-2025 | I55: Delivered | K55: Y | L55: 15
B56: 100050 | C56: 200050 | D56: West | E56: Coastal Express | F56: 2025-10-27 | G56: 10/31/2025 | H56: 30-Oct-2025 | I56: Delivered | K56: Y | L56: 467
B57: 100051 | C57: 200051 | D57: Southwest | E57: Summit Carriers | F57: 22-Oct-2025 | G57: 24-Oct-2025 | H57: 10/23/2025 | I57: Delivered | K57: Y | L57: 255
B58: 100052 | C58: 200052 | D58: West | E58: Northline Logistics | F58: 26-Oct-2025 | G58: 29-Oct-2025 | I58: Failed - Wrong Address | J58: ADDR_ERR | L58: 265
B59: 100053 | C59: 200053 | D59: Mountain | E59: Apex Freight | F59: 11/28/2025 | G59: 2025-12-02 | H59: 01-Dec-2025 | I59: Delivered | K59: Y | L59: 264
B60: 100054 | C60: 200054 | D60: Midwest | E60: Apex Freight | F60: 2025-10-14 | G60: 10/18/2025 | H60: 2025-10-17 | I60: Delivered | K60: Y | L60: 270
B61: 100055 | C61: 200055 | D61: Southeast | E61: Summit Carriers | F61: 10/18/2025 | G61: 2025-10-22 | H61: 10/21/2025 | I61: Delivered | K61: Y | L61: 468
B62: 100056 | C62: 200056 | D62: Pacific Northwest | E62: Summit Carriers | F62: 10/21/2025 | G62: 2025-10-25 | H62: 24-Oct-2025 | I62: Delivered | K62: Y | L62: 548
B63: 100057 | C63: 200057 | D63: Mountain | E63: Northline Logistics | F63: 2025-11-05 | G63: 2025-11-09 | I63: Failed - Carrier Delay | J63: CARRIER_DELAY | L63: 307
B64: 100058 | C64: 200058 | D64: Southwest | E64: Coastal Express | F64: 12-Nov-2025 | G64: 15-Nov-2025 | H64: 15-Nov-2025 | I64: Delivered | K64: Y | L64: 171
B65: 100059 | C65: 200059 | D65: Southwest | E65: Apex Freight | F65: 11/23/2025 | G65: 11/27/2025 | H65: 11/27/2025 | I65: Delivered | K65: Y | L65: 445
B66: 100060 | C66: 200060 | D66: Pacific Northwest | E66: Apex Freight | F66: 12/13/2025 | G66: 2025-12-17 | H66: 2025-12-16 | I66: Delivered | K66: Y | L66: 444
B67: 100061 | C67: 200061 | D67: Southwest | E67: Summit Carriers | F67: 2025-10-29 | G67: 11/01/2025 | H67: 04-Nov-2025 | I67: Delivered - Late | K67: Y | L67: 429
B68: 100062 | C68: 200062 | D68: Midwest | E68: Summit Carriers | F68: 2025-10-17 | G68: 2025-10-22 | H68: 22-Oct-2025 | I68: Delivered | K68: Y | L68: 453
B69: 100063 | C69: 200063 | D69: Midwest | E69: Summit Carriers | F69: 24-Oct-2025 | G69: 2025-10-26 | H69: 2025-10-25 | I69: Delivered | K69: Y | L69: 403
B70: 100064 | C70: 200064 | D70: West | E70: Summit Carriers | F70: 2025-11-02 | G70: 2025-11-04 | H70: 11/04/2025 | I70: Delivered | K70: Y | L70: 373
B71: 100065 | C71: 200065 | D71: Southwest | E71: Apex Freight | F71: 23-Dec-2025 | G71: 2025-12-25 | H71: 12/25/2025 | I71: Delivered | K71: Y | L71: 171
B72: 100066 | C72: 200066 | D72: Southwest | E72: Northline Logistics | F72: 30-Nov-2025 | G72: 2025-12-02 | H72: 01-Dec-2025 | I72: Delivered | K72: Y | L72: 186
B73: 100067 | C73: 200067 | D73: Southeast | E73: Northline Logistics | F73: 2025-11-09 | G73: 11/11/2025 | H73: 11/10/2025 | I73: Delivered | K73: Y | L73: 218
B74: 100068 | C74: 200068 | D74: Southeast | E74: Northline Logistics | F74: 14-Oct-2025 | G74: 10/17/2025 | H74: 2025-10-17 | I74: Delivered | K74: Y | L74: 594
B75: 100069 | C75: 200069 | D75: Northeast | E75: Coastal Express | F75: 08-Dec-2025 | G75: 12-Dec-2025 | H75: 12/11/2025 | I75: delivered | K75: N | L75: 445
... B89: 100083 | C89: 200083 | D89: MOUNTAIN | E89: Summit Carriers | F89: 08-Nov-2025 | G89: 11/13/2025 | H89: 13-Nov-2025 | I89: Delivered | K89: Y | L89: 116
B90: 100084 | C90: 200084 | D90: Southwest | E90: Northline Logistics | F90: 03-Nov-2025 | G90: 05-Nov-2025 | I90: Failed - Carrier Delay | J90: CARRIER_DELAY | L90: 192
B91: 100085 | C91: 200085 | D91: Southeast | E91: Northline Logistics | F91: 10/01/2025 | G91: 2025-10-05 | H91: 10/04/2025 | I91: DELIVERED | K91: N | L91: 310
B92: 100086 | C92: 200086 | D92: West | E92: Summit Carriers | F92: 10-Oct-2025 | G92: 10/13/2025 | H92: 10/13/2025 | I92: Delivered | K92: Y | L92: 572
B93: 100087 | C93: 200087 | D93: Southwest | E93: Northline Logistics | F93: 04-Nov-2025 | G93: 07-Nov-2025 | I93: Failed - Carrier Delay | J93: CARRIER_DELAY | L93: 184
B94: 100088 | C94: 200088 | D94: West | E94: Coastal Express | F94: 26-Nov-2025 | G94: 2025-11-28 | H94: 2025-11-27 | I94: Delivered | K94: Y | L94: 527
B95: 100089 | C95: 200089 | D95: Mountain | E95: Summit Carriers | F95: 10/11/2025 | G95: 10/16/2025 | I95: Failed - Wrong Address | J95: ADDR_ERR | L95: 457
B96: 100090 | C96: 200090 | D96: Mid-Atlantic | E96: COASTAL EXPRESS | F96: 2025-10-04 | G96: 10/06/2025 | H96: 06-Oct-2025 | I96: delivered | K96: Y | L96: 290
B97: 100091 | C97: 200091 | D97: Northeast | E97: northline logistics | F97: 30-Nov-2025 | G97: 12/05/2025 | H97: 12/05/2025 | I97: Delivered | K97: Y | L97: 461
B98: 100092 | C98: 200092 | D98: Mountain | E98: Apex Freight | F98: 2025-11-30 | G98: 03-Dec-2025 | H98: 12/03/2025 | I98: delivered | K98: Y | L98: 352
B99: 100093 | C99: 200093 | D99: Pacific Northwest | E99: summit carriers | F99: 06-Nov-2025 | G99: 10-Nov-2025 | H99: 11/09/2025 | I99: Delivered | K99: Y | L99: 273
B100: 100094 | C100: 200094 | D100: Mid-Atlantic | E100: Apex Freight | F100: 11/21/2025 | G100: 26-Nov-2025 | H100: 2025-11-30 | I100: Delivered - Late | K100: Y | L100: 207
B101: 100095 | C101: 200095 | D101: Mid-Atlantic | E101: Summit Carriers | F101: 2025-12-20 | G101: 12/24/2025 | H101: 2025-12-24 | I101: Delivered | K101: Y | L101: 463
B102: 100096 | C102: 200096 | D102: Mountain | E102: apex freight | F102: 10/04/2025 | G102: 10/09/2025 | H102: 10/08/2025 | I102: Delivered | K102: Y | L102: 580
B103: 100097 | C103: 200097 | D103: Pacific Northwest | E103: Apex Freight | F103: 29-Oct-2025 | G103: 31-Oct-2025 | H103: 10/31/2025 | I103: Delivered | K103: Y | L103: 313
B104: 100098 | C104: 200098 | D104: West | E104: Summit Carriers | F104: 01-Dec-2025 | G104: 05-Dec-2025 | H104: 12/04/2025 | I104: Delivered | K104: Y | L104: 535
B105: 100099 | C105: 200099 | D105: Midwest | E105: Apex Freight | F105: 05-Nov-2025 | G105: 11/09/2025 | H105: 2025-11-08 | I105: Delivered | K105: Y | L105: 304
B106: 100100 | C106: 200100 | D106: West | E106: Summit Carriers | F106: 10/20/2025 | G106: 10/24/2025 | H106: 2025-10-23 | I106: Delivered | K106: Y | L106: 344
B107: 100101 | C107: 200101 | D107: Southwest | E107: Northline Logistics | F107: 12/13/2025 | G107: 17-Dec-2025 | H107: 12/17/2025 | I107: Delivered | K107: Y | L107: 499
... B113: 100107 | C113: 200107 | D113: Pacific Northwest | E113: Northline Logistics | F113: 2025-11-01 | G113: 2025-11-06 | H113: 11/06/2025 | I113: Delivered | K113: Y | L113: 95
B114: 100108 | C114: 200108 | D114: Pacific Northwest | E114: Northline Logistics | F114: 03-Dec-2025 | G114: 2025-12-08 | I114: Failed - Carrier Delay | J114: CARRIER_DELAY | L114: 487
B115: 100109 | C115: 200109 | D115: West | E115: Summit Carriers | F115: 02-Nov-2025 | G115: 04-Nov-2025 | H115: 2025-11-03 | I115: Delivered | K115: Y | L115: 176
B116: 100110 | C116: 200110 | D116: Southeast | E116: Summit Carriers | F116: 11/14/2025 | G116: 2025-11-19 | H116: 18-Nov-2025 | I116: Delivered | K116: Y | L116: 324
B117: 100111 | C117: 200111 | D117: Southwest | E117: Summit Carriers | F117: 01-Dec-2025 | G117: 12/03/2025 | H117: 12/02/2025 | I117: Delivered | K117: Y | L117: 317
B118: 100112 | C118: 200112 | D118: Northeast | E118: Summit Carriers | F118: 11/05/2025 | G118: 07-Nov-2025 | H118: 11/07/2025 | I118: Delivered | K118: Y | L118: 523
B119: 100113 | C119: 200113 | D119: West | E119: Northline Logistics | F119: 2025-12-17 | G119: 20-Dec-2025 | H119: 19-Dec-2025 | I119: Delivered | K119: Y | L119: 155
B120: 100114 | C120: 200114 | D120: Southeast | E120: Apex Freight | F120: 11/09/2025 | G120: 11/13/2025 | I120: Failed - Wrong Address | J120: ADDR_ERR | L120: 388
B121: 100115 | C121: 200115 | D121: Midwest | E121: Apex Freight | F121: 2025-11-07 | G121: 11/10/2025 | H121: 2025-11-10 | I121: Delivered | K121: Y | L121: 389
B122: 100116 | C122: 200116 | D122: West | E122: Northline Logistics | F122: 2025-11-02 | G122: 11/06/2025 | H122: 2025-11-05 | I122: Delivered | K122: Y | L122: 494
B123: 100117 | C123: 200117 | D123: Southeast | E123: Northline Logistics | F123: 29-Oct-2025 | G123: 11/02/2025 | H123: 2025-11-01 | I123: Delivered | K123: Y | L123: 419
...

Sheet Data Cleaning (Excel)
B2: Data Cleaning — Excel Formulas
B3: TRIM/CLEAN standardize messy raw fields; IFERROR keeps output clean when data is missing. First 100 records shown.
B5: Delivery_ID | C5: Region_RAW | D5: Region_CLEAN | E5: Carrier_RAW | F5: Carrier_CLEAN | G5: Status_RAW | H5: Status_CLEAN | I5: Lead_Time_Days (NETWORKDAYS)
B6: 100000 | C6: Southeast | D6: =IFERROR(PROPER(TRIM(CLEAN(C6))),"Unknown") | E6: Apex Freight | F6: =IFERROR(PROPER(TRIM(CLEAN(E6))),"Unknown") | G6: Delivered | H6: =IFERROR(PROPER(TRIM(CLEAN(G6))),"Unknown") | I6: =IFERROR(NETWORKDAYS(DATEVALUE("2025-11-05"),DATEVALUE("11/08/2025")),"N/A")
B7: 100001 | C7: Northeast | D7: =IFERROR(PROPER(TRIM(CLEAN(C7))),"Unknown") | E7: apex freight | F7: =IFERROR(PROPER(TRIM(CLEAN(E7))),"Unknown") | G7: Delivered - Late | H7: =IFERROR(PROPER(TRIM(CLEAN(G7))),"Unknown") | I7: =IFERROR(NETWORKDAYS(DATEVALUE("28-Oct-2025"),DATEVALUE("10/31/2025")),"N/A")
B8: 100002 | C8: PACIFIC NORTHWEST | D8: =IFERROR(PROPER(TRIM(CLEAN(C8))),"Unknown") | E8: Northline Logistics | F8: =IFERROR(PROPER(TRIM(CLEAN(E8))),"Unknown") | G8: Delivered | H8: =IFERROR(PROPER(TRIM(CLEAN(G8))),"Unknown") | I8: =IFERROR(NETWORKDAYS(DATEVALUE("27-Nov-2025"),DATEVALUE("02-Dec-2025")),"N/A")
B9: 100003 | C9: West | D9: =IFERROR(PROPER(TRIM(CLEAN(C9))),"Unknown") | E9: Northline Logistics | F9: =IFERROR(PROPER(TRIM(CLEAN(E9))),"Unknown") | G9: Failed - Carrier Delay | H9: =IFERROR(PROPER(TRIM(CLEAN(G9))),"Unknown") | I9: =IFERROR(NETWORKDAYS(DATEVALUE("28-Oct-2025"),DATEVALUE("31-Oct-2025")),"N/A")
B10: 100004 | C10: Southeast | D10: =IFERROR(PROPER(TRIM(CLEAN(C10))),"Unknown") | E10: Coastal Express | F10: =IFERROR(PROPER(TRIM(CLEAN(E10))),"Unknown") | G10: DELIVERED - LATE | H10: =IFERROR(PROPER(TRIM(CLEAN(G10))),"Unknown") | I10: =IFERROR(NETWORKDAYS(DATEVALUE("2025-11-14"),DATEVALUE("19-Nov-2025")),"N/A")
B11: 100005 | C11: Southeast | D11: =IFERROR(PROPER(TRIM(CLEAN(C11))),"Unknown") | E11: Coastal Express | F11: =IFERROR(PROPER(TRIM(CLEAN(E11))),"Unknown") | G11: Delivered | H11: =IFERROR(PROPER(TRIM(CLEAN(G11))),"Unknown") | I11: =IFERROR(NETWORKDAYS(DATEVALUE("12/20/2025"),DATEVALUE("12/25/2025")),"N/A")
B12: 100006 | C12: Southwest | D12: =IFERROR(PROPER(TRIM(CLEAN(C12))),"Unknown") | E12: Coastal Express | F12: =IFERROR(PROPER(TRIM(CLEAN(E12))),"Unknown") | G12: Delivered | H12: =IFERROR(PROPER(TRIM(CLEAN(G12))),"Unknown") | I12: =IFERROR(NETWORKDAYS(DATEVALUE("2025-10-11"),DATEVALUE("10/14/2025")),"N/A")
B13: 100007 | C13: Midwest | D13: =IFERROR(PROPER(TRIM(CLEAN(C13))),"Unknown") | E13: Coastal Express | F13: =IFERROR(PROPER(TRIM(CLEAN(E13))),"Unknown") | G13: Delivered | H13: =IFERROR(PROPER(TRIM(CLEAN(G13))),"Unknown") | I13: =IFERROR(NETWORKDAYS(DATEVALUE("11/15/2025"),DATEVALUE("11/18/2025")),"N/A")
B14: 100008 | C14: Southwest | D14: =IFERROR(PROPER(TRIM(CLEAN(C14))),"Unknown") | E14: Northline Logistics | F14: =IFERROR(PROPER(TRIM(CLEAN(E14))),"Unknown") | G14: Delivered | H14: =IFERROR(PROPER(TRIM(CLEAN(G14))),"Unknown") | I14: =IFERROR(NETWORKDAYS(DATEVALUE("2025-11-29"),DATEVALUE("12/03/2025")),"N/A")
B15: 100009 | C15: Southwest | D15: =IFERROR(PROPER(TRIM(CLEAN(C15))),"Unknown") | E15: Apex Freight | F15: =IFERROR(PROPER(TRIM(CLEAN(E15))),"Unknown") | G15: Delivered | H15: =IFERROR(PROPER(TRIM(CLEAN(G15))),"Unknown") | I15: =IFERROR(NETWORKDAYS(DATEVALUE("2025-11-10"),DATEVALUE("2025-11-14")),"N/A")
B16: 100010 | C16: Pacific Northwest | D16: =IFERROR(PROPER(TRIM(CLEAN(C16))),"Unknown") | E16: Summit Carriers | F16: =IFERROR(PROPER(TRIM(CLEAN(E16))),"Unknown") | G16: Delivered | H16: =IFERROR(PROPER(TRIM(CLEAN(G16))),"Unknown") | I16: =IFERROR(NETWORKDAYS(DATEVALUE("10/19/2025"),DATEVALUE("10/22/2025")),"N/A")
B17: 100011 | C17: Pacific Northwest | D17: =IFERROR(PROPER(TRIM(CLEAN(C17))),"Unknown") | E17: Coastal Express | F17: =IFERROR(PROPER(TRIM(CLEAN(E17))),"Unknown") | G17: Delivered | H17: =IFERROR(PROPER(TRIM(CLEAN(G17))),"Unknown") | I17: =IFERROR(NETWORKDAYS(DATEVALUE("2025-10-29"),DATEVALUE("2025-11-01")),"N/A")
B18: 100012 | C18: Midwest | D18: =IFERROR(PROPER(TRIM(CLEAN(C18))),"Unknown") | E18: Summit Carriers | F18: =IFERROR(PROPER(TRIM(CLEAN(E18))),"Unknown") | G18: Delivered | H18: =IFERROR(PROPER(TRIM(CLEAN(G18))),"Unknown") | I18: =IFERROR(NETWORKDAYS(DATEVALUE("16-Dec-2025"),DATEVALUE("12/18/2025")),"N/A")
B19: 100013 | C19: Northeast | D19: =IFERROR(PROPER(TRIM(CLEAN(C19))),"Unknown") | E19: Apex Freight | F19: =IFERROR(PROPER(TRIM(CLEAN(E19))),"Unknown") | G19: Delivered | H19: =IFERROR(PROPER(TRIM(CLEAN(G19))),"Unknown") | I19: =IFERROR(NETWORKDAYS(DATEVALUE("27-Dec-2025"),DATEVALUE("01/01/2026")),"N/A")
B20: 100014 | C20: Midwest | D20: =IFERROR(PROPER(TRIM(CLEAN(C20))),"Unknown") | E20: Summit Carriers | F20: =IFERROR(PROPER(TRIM(CLEAN(E20))),"Unknown") | G20: DELIVERED | H20: =IFERROR(PROPER(TRIM(CLEAN(G20))),"Unknown") | I20: =IFERROR(NETWORKDAYS(DATEVALUE("10/01/2025"),DATEVALUE("2025-10-04")),"N/A")
B21: 100015 | C21: Southwest | D21: =IFERROR(PROPER(TRIM(CLEAN(C21))),"Unknown") | E21: Northline Logistics | F21: =IFERROR(PROPER(TRIM(CLEAN(E21))),"Unknown") | G21: Delivered | H21: =IFERROR(PROPER(TRIM(CLEAN(G21))),"Unknown") | I21: =IFERROR(NETWORKDAYS(DATEVALUE("17-Nov-2025"),DATEVALUE("11/20/2025")),"N/A")
B22: 100016 | C22: Northeast | D22: =IFERROR(PROPER(TRIM(CLEAN(C22))),"Unknown") | E22: Apex Freight | F22: =IFERROR(PROPER(TRIM(CLEAN(E22))),"Unknown") | G22: Delivered | H22: =IFERROR(PROPER(TRIM(CLEAN(G22))),"Unknown") | I22: =IFERROR(NETWORKDAYS(DATEVALUE("16-Nov-2025"),DATEVALUE("19-Nov-2025")),"N/A")
B23: 100017 | C23: Southeast | D23: =IFERROR(PROPER(TRIM(CLEAN(C23))),"Unknown") | E23: Northline Logistics | F23: =IFERROR(PROPER(TRIM(CLEAN(E23))),"Unknown") | G23: Delivered | H23: =IFERROR(PROPER(TRIM(CLEAN(G23))),"Unknown") | I23: =IFERROR(NETWORKDAYS(DATEVALUE("10/17/2025"),DATEVALUE("10/21/2025")),"N/A")
B24: 100018 | C24: Southwest | D24: =IFERROR(PROPER(TRIM(CLEAN(C24))),"Unknown") | E24: Coastal Express | F24: =IFERROR(PROPER(TRIM(CLEAN(E24))),"Unknown") | G24: Delivered | H24: =IFERROR(PROPER(TRIM(CLEAN(G24))),"Unknown") | I24: =IFERROR(NETWORKDAYS(DATEVALUE("2025-11-21"),DATEVALUE("11/24/2025")),"N/A")
B25: 100019 | C25: Mid-Atlantic | D25: =IFERROR(PROPER(TRIM(CLEAN(C25))),"Unknown") | E25: Apex Freight | F25: =IFERROR(PROPER(TRIM(CLEAN(E25))),"Unknown") | G25: Delivered | H25: =IFERROR(PROPER(TRIM(CLEAN(G25))),"Unknown") | I25: =IFERROR(NETWORKDAYS(DATEVALUE("2025-12-15"),DATEVALUE("12/20/2025")),"N/A")
B26: 100020 | C26: Southwest | D26: =IFERROR(PROPER(TRIM(CLEAN(C26))),"Unknown") | E26: Apex Freight | F26: =IFERROR(PROPER(TRIM(CLEAN(E26))),"Unknown") | G26: Failed - Carrier Delay | H26: =IFERROR(PROPER(TRIM(CLEAN(G26))),"Unknown") | I26: =IFERROR(NETWORKDAYS(DATEVALUE("2025-10-05"),DATEVALUE("2025-10-08")),"N/A")
B27: 100021 | C27: West | D27: =IFERROR(PROPER(TRIM(CLEAN(C27))),"Unknown") | E27: Summit Carriers | F27: =IFERROR(PROPER(TRIM(CLEAN(E27))),"Unknown") | G27: Delivered | H27: =IFERROR(PROPER(TRIM(CLEAN(G27))),"Unknown") | I27: =IFERROR(NETWORKDAYS(DATEVALUE("2025-10-28"),DATEVALUE("2025-11-02")),"N/A")
B28: 100022 | C28: Pacific Northwest | D28: =IFERROR(PROPER(TRIM(CLEAN(C28))),"Unknown") | E28: NORTHLINE LOGISTICS | F28: =IFERROR(PROPER(TRIM(CLEAN(E28))),"Unknown") | G28: Delivered | H28: =IFERROR(PROPER(TRIM(CLEAN(G28))),"Unknown") | I28: =IFERROR(NETWORKDAYS(DATEVALUE("2025-10-13"),DATEVALUE("15-Oct-2025")),"N/A")
B29: 100023 | C29: Southeast | D29: =IFERROR(PROPER(TRIM(CLEAN(C29))),"Unknown") | E29: Apex Freight | F29: =IFERROR(PROPER(TRIM(CLEAN(E29))),"Unknown") | G29: Delivered | H29: =IFERROR(PROPER(TRIM(CLEAN(G29))),"Unknown") | I29: =IFERROR(NETWORKDAYS(DATEVALUE("2025-11-21"),DATEVALUE("2025-11-24")),"N/A")
B30: 100024 | C30: Midwest | D30: =IFERROR(PROPER(TRIM(CLEAN(C30))),"Unknown") | E30: Summit Carriers | F30: =IFERROR(PROPER(TRIM(CLEAN(E30))),"Unknown") | G30: Delivered | H30: =IFERROR(PROPER(TRIM(CLEAN(G30))),"Unknown") | I30: =IFERROR(NETWORKDAYS(DATEVALUE("2025-10-24"),DATEVALUE("27-Oct-2025")),"N/A")
B31: 100025 | C31: Southeast | D31: =IFERROR(PROPER(TRIM(CLEAN(C31))),"Unknown") | E31: Apex Freight | F31: =IFERROR(PROPER(TRIM(CLEAN(E31))),"Unknown") | G31: Delivered | H31: =IFERROR(PROPER(TRIM(CLEAN(G31))),"Unknown") | I31: =IFERROR(NETWORKDAYS(DATEVALUE("23-Dec-2025"),DATEVALUE("28-Dec-2025")),"N/A")
B32: 100026 | C32: Mountain | D32: =IFERROR(PROPER(TRIM(CLEAN(C32))),"Unknown") | E32: Northline Logistics | F32: =IFERROR(PROPER(TRIM(CLEAN(E32))),"Unknown") | G32: Failed - Carrier Delay | H32: =IFERROR(PROPER(TRIM(CLEAN(G32))),"Unknown") | I32: =IFERROR(NETWORKDAYS(DATEVALUE("21-Nov-2025"),DATEVALUE("11/23/2025")),"N/A")
B33: 100027 | C33: PACIFIC NORTHWEST | D33: =IFERROR(PROPER(TRIM(CLEAN(C33))),"Unknown") | E33: coastal express | F33: =IFERROR(PROPER(TRIM(CLEAN(E33))),"Unknown") | G33: Delivered | H33: =IFERROR(PROPER(TRIM(CLEAN(G33))),"Unknown") | I33: =IFERROR(NETWORKDAYS(DATEVALUE("2025-11-28"),DATEVALUE("12/01/2025")),"N/A")
B34: 100028 | C34: Southwest | D34: =IFERROR(PROPER(TRIM(CLEAN(C34))),"Unknown") | E34: Apex Freight | F34: =IFERROR(PROPER(TRIM(CLEAN(E34))),"Unknown") | G34: Failed - Carrier Delay | H34: =IFERROR(PROPER(TRIM(CLEAN(G34))),"Unknown") | I34: =IFERROR(NETWORKDAYS(DATEVALUE("12/14/2025"),DATEVALUE("2025-12-19")),"N/A")
B35: 100029 | D35: =IFERROR(PROPER(TRIM(CLEAN(C35))),"Unknown") | E35: Apex Freight | F35: =IFERROR(PROPER(TRIM(CLEAN(E35))),"Unknown") | G35: Delivered | H35: =IFERROR(PROPER(TRIM(CLEAN(G35))),"Unknown") | I35: =IFERROR(NETWORKDAYS(DATEVALUE("2025-12-14"),DATEVALUE("2025-12-18")),"N/A")
B36: 100030 | C36: Southeast | D36: =IFERROR(PROPER(TRIM(CLEAN(C36))),"Unknown") | E36: Northline Logistics | F36: =IFERROR(PROPER(TRIM(CLEAN(E36))),"Unknown") | G36: failed - carrier delay | H36: =IFERROR(PROPER(TRIM(CLEAN(G36))),"Unknown") | I36: =IFERROR(NETWORKDAYS(DATEVALUE("10/09/2025"),DATEVALUE("2025-10-14")),"N/A")
B37: 100031 | C37: Pacific Northwest | D37: =IFERROR(PROPER(TRIM(CLEAN(C37))),"Unknown") | E37: Apex Freight | F37: =IFERROR(PROPER(TRIM(CLEAN(E37))),"Unknown") | G37: Delivered - Late | H37: =IFERROR(PROPER(TRIM(CLEAN(G37))),"Unknown") | I37: =IFERROR(NETWORKDAYS(DATEVALUE("12-Dec-2025"),DATEVALUE("12/15/2025")),"N/A")
B38: 100032 | C38: Mid-Atlantic | D38: =IFERROR(PROPER(TRIM(CLEAN(C38))),"Unknown") | E38: Coastal Express | F38: =IFERROR(PROPER(TRIM(CLEAN(E38))),"Unknown") | G38: delivered | H38: =IFERROR(PROPER(TRIM(CLEAN(G38))),"Unknown") | I38: =IFERROR(NETWORKDAYS(DATEVALUE("2025-10-27"),DATEVALUE("30-Oct-2025")),"N/A")
B39: 100033 | C39: Northeast | D39: =IFERROR(PROPER(TRIM(CLEAN(C39))),"Unknown") | E39: Summit Carriers | F39: =IFERROR(PROPER(TRIM(CLEAN(E39))),"Unknown") | G39: Delivered | H39: =IFERROR(PROPER(TRIM(CLEAN(G39))),"Unknown") | I39: =IFERROR(NETWORKDAYS(DATEVALUE("12/19/2025"),DATEVALUE("2025-12-24")),"N/A")
B40: 100034 | C40: Mid-Atlantic | D40: =IFERROR(PROPER(TRIM(CLEAN(C40))),"Unknown") | E40: Apex Freight | F40: =IFERROR(PROPER(TRIM(CLEAN(E40))),"Unknown") | G40: Delivered | H40: =IFERROR(PROPER(TRIM(CLEAN(G40))),"Unknown") | I40: =IFERROR(NETWORKDAYS(DATEVALUE("11/01/2025"),DATEVALUE("04-Nov-2025")),"N/A")
B41: 100035 | C41: Northeast | D41: =IFERROR(PROPER(TRIM(CLEAN(C41))),"Unknown") | E41: Coastal Express | F41: =IFERROR(PROPER(TRIM(CLEAN(E41))),"Unknown") | G41: delivered | H41: =IFERROR(PROPER(TRIM(CLEAN(G41))),"Unknown") | I41: =IFERROR(NETWORKDAYS(DATEVALUE("12/24/2025"),DATEVALUE("12/26/2025")),"N/A")
B42: 100036 | C42: Midwest | D42: =IFERROR(PROPER(TRIM(CLEAN(C42))),"Unknown") | E42: COASTAL EXPRESS | F42: =IFERROR(PROPER(TRIM(CLEAN(E42))),"Unknown") | G42: Delivered | H42: =IFERROR(PROPER(TRIM(CLEAN(G42))),"Unknown") | I42: =IFERROR(NETWORKDAYS(DATEVALUE("11/06/2025"),DATEVALUE("2025-11-11")),"N/A")
B43: 100037 | C43: Northeast | D43: =IFERROR(PROPER(TRIM(CLEAN(C43))),"Unknown") | E43: Apex Freight | F43: =IFERROR(PROPER(TRIM(CLEAN(E43))),"Unknown") | G43: Delivered - Late | H43: =IFERROR(PROPER(TRIM(CLEAN(G43))),"Unknown") | I43: =IFERROR(NETWORKDAYS(DATEVALUE("12/21/2025"),DATEVALUE("12/25/2025")),"N/A")
B44: 100038 | C44: MIDWEST | D44: =IFERROR(PROPER(TRIM(CLEAN(C44))),"Unknown") | E44: Summit Carriers | F44: =IFERROR(PROPER(TRIM(CLEAN(E44))),"Unknown") | G44: Delivered | H44: =IFERROR(PROPER(TRIM(CLEAN(G44))),"Unknown") | I44: =IFERROR(NETWORKDAYS(DATEVALUE("10-Dec-2025"),DATEVALUE("2025-12-14")),"N/A")
B45: 100039 | C45: Midwest | D45: =IFERROR(PROPER(TRIM(CLEAN(C45))),"Unknown") | E45: Summit Carriers | F45: =IFERROR(PROPER(TRIM(CLEAN(E45))),"Unknown") | G45: delivered | H45: =IFERROR(PROPER(TRIM(CLEAN(G45))),"Unknown") | I45: =IFERROR(NETWORKDAYS(DATEVALUE("17-Oct-2025"),DATEVALUE("2025-10-19")),"N/A")
B46: 100040 | C46: Southwest | D46: =IFERROR(PROPER(TRIM(CLEAN(C46))),"Unknown") | E46: Apex Freight | F46: =IFERROR(PROPER(TRIM(CLEAN(E46))),"Unknown") | G46: Delivered | H46: =IFERROR(PROPER(TRIM(CLEAN(G46))),"Unknown") | I46: =IFERROR(NETWORKDAYS(DATEVALUE("15-Nov-2025"),DATEVALUE("2025-11-20")),"N/A")
B47: 100041 | C47: Midwest | D47: =IFERROR(PROPER(TRIM(CLEAN(C47))),"Unknown") | E47: NORTHLINE LOGISTICS | F47: =IFERROR(PROPER(TRIM(CLEAN(E47))),"Unknown") | G47: Failed - Carrier Delay | H47: =IFERROR(PROPER(TRIM(CLEAN(G47))),"Unknown") | I47: =IFERROR(NETWORKDAYS(DATEVALUE("2025-11-22"),DATEVALUE("2025-11-24")),"N/A")
B48: 100042 | C48: Pacific Northwest | D48: =IFERROR(PROPER(TRIM(CLEAN(C48))),"Unknown") | E48: Northline Logistics | F48: =IFERROR(PROPER(TRIM(CLEAN(E48))),"Unknown") | G48: Delivered - Late | H48: =IFERROR(PROPER(TRIM(CLEAN(G48))),"Unknown") | I48: =IFERROR(NETWORKDAYS(DATEVALUE("2025-11-04"),DATEVALUE("07-Nov-2025")),"N/A")
B49: 100043 | C49: Southwest | D49: =IFERROR(PROPER(TRIM(CLEAN(C49))),"Unknown") | E49: Summit Carriers | F49: =IFERROR(PROPER(TRIM(CLEAN(E49))),"Unknown") | G49: Delivered | H49: =IFERROR(PROPER(TRIM(CLEAN(G49))),"Unknown") | I49: =IFERROR(NETWORKDAYS(DATEVALUE("2025-11-14"),DATEVALUE("2025-11-17")),"N/A")
B50: 100044 | C50: Pacific Northwest | D50: =IFERROR(PROPER(TRIM(CLEAN(C50))),"Unknown") | E50: Coastal Express | F50: =IFERROR(PROPER(TRIM(CLEAN(E50))),"Unknown") | G50: Delivered | H50: =IFERROR(PROPER(TRIM(CLEAN(G50))),"Unknown") | I50: =IFERROR(NETWORKDAYS(DATEVALUE("2025-11-05"),DATEVALUE("11/07/2025")),"N/A")
B51: 100045 | C51: Mid-Atlantic | D51: =IFERROR(PROPER(TRIM(CLEAN(C51))),"Unknown") | E51: Apex Freight | F51: =IFERROR(PROPER(TRIM(CLEAN(E51))),"Unknown") | G51: Delivered | H51: =IFERROR(PROPER(TRIM(CLEAN(G51))),"Unknown") | I51: =IFERROR(NETWORKDAYS(DATEVALUE("2025-10-15"),DATEVALUE("2025-10-18")),"N/A")
B52: 100046 | C52: Mid-Atlantic | D52: =IFERROR(PROPER(TRIM(CLEAN(C52))),"Unknown") | E52: Coastal Express | F52: =IFERROR(PROPER(TRIM(CLEAN(E52))),"Unknown") | G52: Delivered | H52: =IFERROR(PROPER(TRIM(CLEAN(G52))),"Unknown") | I52: =IFERROR(NETWORKDAYS(DATEVALUE("25-Nov-2025"),DATEVALUE("11/30/2025")),"N/A")
B53: 100047 | C53: Northeast | D53: =IFERROR(PROPER(TRIM(CLEAN(C53))),"Unknown") | E53: Northline Logistics | F53: =IFERROR(PROPER(TRIM(CLEAN(E53))),"Unknown") | G53: Failed - Carrier Delay | H53: =IFERROR(PROPER(TRIM(CLEAN(G53))),"Unknown") | I53: =IFERROR(NETWORKDAYS(DATEVALUE("2025-11-16"),DATEVALUE("11/20/2025")),"N/A")
B54: 100048 | C54: MID-ATLANTIC | D54: =IFERROR(PROPER(TRIM(CLEAN(C54))),"Unknown") | E54: APEX FREIGHT | F54: =IFERROR(PROPER(TRIM(CLEAN(E54))),"Unknown") | G54: Delivered | H54: =IFERROR(PROPER(TRIM(CLEAN(G54))),"Unknown") | I54: =IFERROR(NETWORKDAYS(DATEVALUE("2025-11-08"),DATEVALUE("11/13/2025")),"N/A")
B55: 100049 | C55: Midwest | D55: =IFERROR(PROPER(TRIM(CLEAN(C55))),"Unknown") | E55: Northline Logistics | F55: =IFERROR(PROPER(TRIM(CLEAN(E55))),"Unknown") | G55: Delivered | H55: =IFERROR(PROPER(TRIM(CLEAN(G55))),"Unknown") | I55: =IFERROR(NETWORKDAYS(DATEVALUE("2025-11-23"),DATEVALUE("11/27/2025")),"N/A")
B56: 100050 | C56: West | D56: =IFERROR(PROPER(TRIM(CLEAN(C56))),"Unknown") | E56: Coastal Express | F56: =IFERROR(PROPER(TRIM(CLEAN(E56))),"Unknown") | G56: Delivered | H56: =IFERROR(PROPER(TRIM(CLEAN(G56))),"Unknown") | I56: =IFERROR(NETWORKDAYS(DATEVALUE("2025-10-27"),DATEVALUE("10/31/2025")),"N/A")
B57: 100051 | C57: Southwest | D57: =IFERROR(PROPER(TRIM(CLEAN(C57))),"Unknown") | E57: Summit Carriers | F57: =IFERROR(PROPER(TRIM(CLEAN(E57))),"Unknown") | G57: Delivered | H57: =IFERROR(PROPER(TRIM(CLEAN(G57))),"Unknown") | I57: =IFERROR(NETWORKDAYS(DATEVALUE("22-Oct-2025"),DATEVALUE("24-Oct-2025")),"N/A")
B58: 100052 | C58: West | D58: =IFERROR(PROPER(TRIM(CLEAN(C58))),"Unknown") | E58: Northline Logistics | F58: =IFERROR(PROPER(TRIM(CLEAN(E58))),"Unknown") | G58: Failed - Wrong Address | H58: =IFERROR(PROPER(TRIM(CLEAN(G58))),"Unknown") | I58: =IFERROR(NETWORKDAYS(DATEVALUE("26-Oct-2025"),DATEVALUE("29-Oct-2025")),"N/A")
B59: 100053 | C59: Mountain | D59: =IFERROR(PROPER(TRIM(CLEAN(C59))),"Unknown") | E59: Apex Freight | F59: =IFERROR(PROPER(TRIM(CLEAN(E59))),"Unknown") | G59: Delivered | H59: =IFERROR(PROPER(TRIM(CLEAN(G59))),"Unknown") | I59: =IFERROR(NETWORKDAYS(DATEVALUE("11/28/2025"),DATEVALUE("2025-12-02")),"N/A")
B60: 100054 | C60: Midwest | D60: =IFERROR(PROPER(TRIM(CLEAN(C60))),"Unknown") | E60: Apex Freight | F60: =IFERROR(PROPER(TRIM(CLEAN(E60))),"Unknown") | G60: Delivered | H60: =IFERROR(PROPER(TRIM(CLEAN(G60))),"Unknown") | I60: =IFERROR(NETWORKDAYS(DATEVALUE("2025-10-14"),DATEVALUE("10/18/2025")),"N/A")
B61: 100055 | C61: Southeast | D61: =IFERROR(PROPER(TRIM(CLEAN(C61))),"Unknown") | E61: Summit Carriers | F61: =IFERROR(PROPER(TRIM(CLEAN(E61))),"Unknown") | G61: Delivered | H61: =IFERROR(PROPER(TRIM(CLEAN(G61))),"Unknown") | I61: =IFERROR(NETWORKDAYS(DATEVALUE("10/18/2025"),DATEVALUE("2025-10-22")),"N/A")
B62: 100056 | C62: Pacific Northwest | D62: =IFERROR(PROPER(TRIM(CLEAN(C62))),"Unknown") | E62: Summit Carriers | F62: =IFERROR(PROPER(TRIM(CLEAN(E62))),"Unknown") | G62: Delivered | H62: =IFERROR(PROPER(TRIM(CLEAN(G62))),"Unknown") | I62: =IFERROR(NETWORKDAYS(DATEVALUE("10/21/2025"),DATEVALUE("2025-10-25")),"N/A")
B63: 100057 | C63: Mountain | D63: =IFERROR(PROPER(TRIM(CLEAN(C63))),"Unknown") | E63: Northline Logistics | F63: =IFERROR(PROPER(TRIM(CLEAN(E63))),"Unknown") | G63: Failed - Carrier Delay | H63: =IFERROR(PROPER(TRIM(CLEAN(G63))),"Unknown") | I63: =IFERROR(NETWORKDAYS(DATEVALUE("2025-11-05"),DATEVALUE("2025-11-09")),"N/A")
B64: 100058 | C64: Southwest | D64: =IFERROR(PROPER(TRIM(CLEAN(C64))),"Unknown") | E64: Coastal Express | F64: =IFERROR(PROPER(TRIM(CLEAN(E64))),"Unknown") | G64: Delivered | H64: =IFERROR(PROPER(TRIM(CLEAN(G64))),"Unknown") | I64: =IFERROR(NETWORKDAYS(DATEVALUE("12-Nov-2025"),DATEVALUE("15-Nov-2025")),"N/A")
B65: 100059 | C65: Southwest | D65: =IFERROR(PROPER(TRIM(CLEAN(C65))),"Unknown") | E65: Apex Freight | F65: =IFERROR(PROPER(TRIM(CLEAN(E65))),"Unknown") | G65: Delivered | H65: =IFERROR(PROPER(TRIM(CLEAN(G65))),"Unknown") | I65: =IFERROR(NETWORKDAYS(DATEVALUE("11/23/2025"),DATEVALUE("11/27/2025")),"N/A")
B66: 100060 | C66: Pacific Northwest | D66: =IFERROR(PROPER(TRIM(CLEAN(C66))),"Unknown") | E66: Apex Freight | F66: =IFERROR(PROPER(TRIM(CLEAN(E66))),"Unknown") | G66: Delivered | H66: =IFERROR(PROPER(TRIM(CLEAN(G66))),"Unknown") | I66: =IFERROR(NETWORKDAYS(DATEVALUE("12/13/2025"),DATEVALUE("2025-12-17")),"N/A")
B67: 100061 | C67: Southwest | D67: =IFERROR(PROPER(TRIM(CLEAN(C67))),"Unknown") | E67: Summit Carriers | F67: =IFERROR(PROPER(TRIM(CLEAN(E67))),"Unknown") | G67: Delivered - Late | H67: =IFERROR(PROPER(TRIM(CLEAN(G67))),"Unknown") | I67: =IFERROR(NETWORKDAYS(DATEVALUE("2025-10-29"),DATEVALUE("11/01/2025")),"N/A")
B68: 100062 | C68: Midwest | D68: =IFERROR(PROPER(TRIM(CLEAN(C68))),"Unknown") | E68: Summit Carriers | F68: =IFERROR(PROPER(TRIM(CLEAN(E68))),"Unknown") | G68: Delivered | H68: =IFERROR(PROPER(TRIM(CLEAN(G68))),"Unknown") | I68: =IFERROR(NETWORKDAYS(DATEVALUE("2025-10-17"),DATEVALUE("2025-10-22")),"N/A")
B69: 100063 | C69: Midwest | D69: =IFERROR(PROPER(TRIM(CLEAN(C69))),"Unknown") | E69: Summit Carriers | F69: =IFERROR(PROPER(TRIM(CLEAN(E69))),"Unknown") | G69: Delivered | H69: =IFERROR(PROPER(TRIM(CLEAN(G69))),"Unknown") | I69: =IFERROR(NETWORKDAYS(DATEVALUE("24-Oct-2025"),DATEVALUE("2025-10-26")),"N/A")
B70: 100064 | C70: West | D70: =IFERROR(PROPER(TRIM(CLEAN(C70))),"Unknown") | E70: Summit Carriers | F70: =IFERROR(PROPER(TRIM(CLEAN(E70))),"Unknown") | G70: Delivered | H70: =IFERROR(PROPER(TRIM(CLEAN(G70))),"Unknown") | I70: =IFERROR(NETWORKDAYS(DATEVALUE("2025-11-02"),DATEVALUE("2025-11-04")),"N/A")
B71: 100065 | C71: Southwest | D71: =IFERROR(PROPER(TRIM(CLEAN(C71))),"Unknown") | E71: Apex Freight | F71: =IFERROR(PROPER(TRIM(CLEAN(E71))),"Unknown") | G71: Delivered | H71: =IFERROR(PROPER(TRIM(CLEAN(G71))),"Unknown") | I71: =IFERROR(NETWORKDAYS(DATEVALUE("23-Dec-2025"),DATEVALUE("2025-12-25")),"N/A")
B72: 100066 | C72: Southwest | D72: =IFERROR(PROPER(TRIM(CLEAN(C72))),"Unknown") | E72: Northline Logistics | F72: =IFERROR(PROPER(TRIM(CLEAN(E72))),"Unknown") | G72: Delivered | H72: =IFERROR(PROPER(TRIM(CLEAN(G72))),"Unknown") | I72: =IFERROR(NETWORKDAYS(DATEVALUE("30-Nov-2025"),DATEVALUE("2025-12-02")),"N/A")
B73: 100067 | C73: Southeast | D73: =IFERROR(PROPER(TRIM(CLEAN(C73))),"Unknown") | E73: Northline Logistics | F73: =IFERROR(PROPER(TRIM(CLEAN(E73))),"Unknown") | G73: Delivered | H73: =IFERROR(PROPER(TRIM(CLEAN(G73))),"Unknown") | I73: =IFERROR(NETWORKDAYS(DATEVALUE("2025-11-09"),DATEVALUE("11/11/2025")),"N/A")
B74: 100068 | C74: Southeast | D74: =IFERROR(PROPER(TRIM(CLEAN(C74))),"Unknown") | E74: Northline Logistics | F74: =IFERROR(PROPER(TRIM(CLEAN(E74))),"Unknown") | G74: Delivered | H74: =IFERROR(PROPER(TRIM(CLEAN(G74))),"Unknown") | I74: =IFERROR(NETWORKDAYS(DATEVALUE("14-Oct-2025"),DATEVALUE("10/17/2025")),"N/A")
B75: 100069 | C75: Northeast | D75: =IFERROR(PROPER(TRIM(CLEAN(C75))),"Unknown") | E75: Coastal Express | F75: =IFERROR(PROPER(TRIM(CLEAN(E75))),"Unknown") | G75: delivered | H75: =IFERROR(PROPER(TRIM(CLEAN(G75))),"Unknown") | I75: =IFERROR(NETWORKDAYS(DATEVALUE("08-Dec-2025"),DATEVALUE("12-Dec-2025")),"N/A")
B76: 100070 | C76: MOUNTAIN | D76: =IFERROR(PROPER(TRIM(CLEAN(C76))),"Unknown") | E76: Apex Freight | F76: =IFERROR(PROPER(TRIM(CLEAN(E76))),"Unknown") | G76: Delivered | H76: =IFERROR(PROPER(TRIM(CLEAN(G76))),"Unknown") | I76: =IFERROR(NETWORKDAYS(DATEVALUE("2025-11-25"),DATEVALUE("11/28/2025")),"N/A")
B77: 100071 | C77: west | D77: =IFERROR(PROPER(TRIM(CLEAN(C77))),"Unknown") | E77: Summit Carriers | F77: =IFERROR(PROPER(TRIM(CLEAN(E77))),"Unknown") | G77: Delivered | H77: =IFERROR(PROPER(TRIM(CLEAN(G77))),"Unknown") | I77: =IFERROR(NETWORKDAYS(DATEVALUE("29-Nov-2025"),DATEVALUE("03-Dec-2025")),"N/A")
B78: 100072 | C78: West | D78: =IFERROR(PROPER(TRIM(CLEAN(C78))),"Unknown") | E78: Summit Carriers | F78: =IFERROR(PROPER(TRIM(CLEAN(E78))),"Unknown") | G78: Delivered | H78: =IFERROR(PROPER(TRIM(CLEAN(G78))),"Unknown") | I78: =IFERROR(NETWORKDAYS(DATEVALUE("11/01/2025"),DATEVALUE("05-Nov-2025")),"N/A")
B79: 100073 | C79: Midwest | D79: =IFERROR(PROPER(TRIM(CLEAN(C79))),"Unknown") | E79: Summit Carriers | F79: =IFERROR(PROPER(TRIM(CLEAN(E79))),"Unknown") | G79: Delivered | H79: =IFERROR(PROPER(TRIM(CLEAN(G79))),"Unknown") | I79: =IFERROR(NETWORKDAYS(DATEVALUE("28-Oct-2025"),DATEVALUE("10/31/2025")),"N/A")
B80: 100074 | C80: Southwest | D80: =IFERROR(PROPER(TRIM(CLEAN(C80))),"Unknown") | E80: Apex Freight | F80: =IFERROR(PROPER(TRIM(CLEAN(E80))),"Unknown") | G80: DELIVERED | H80: =IFERROR(PROPER(TRIM(CLEAN(G80))),"Unknown") | I80: =IFERROR(NETWORKDAYS(DATEVALUE("2025-10-31"),DATEVALUE("2025-11-04")),"N/A")
B81: 100075 | C81: Mountain | D81: =IFERROR(PROPER(TRIM(CLEAN(C81))),"Unknown") | E81: Apex Freight | F81: =IFERROR(PROPER(TRIM(CLEAN(E81))),"Unknown") | G81: Delivered | H81: =IFERROR(PROPER(TRIM(CLEAN(G81))),"Unknown") | I81: =IFERROR(NETWORKDAYS(DATEVALUE("2025-10-12"),DATEVALUE("2025-10-15")),"N/A")
B82: 100076 | C82: Mountain | D82: =IFERROR(PROPER(TRIM(CLEAN(C82))),"Unknown") | E82: Coastal Express | F82: =IFERROR(PROPER(TRIM(CLEAN(E82))),"Unknown") | G82: Delivered | H82: =IFERROR(PROPER(TRIM(CLEAN(G82))),"Unknown") | I82: =IFERROR(NETWORKDAYS(DATEVALUE("24-Nov-2025"),DATEVALUE("29-Nov-2025")),"N/A")
B83: 100077 | C83: Southeast | D83: =IFERROR(PROPER(TRIM(CLEAN(C83))),"Unknown") | E83: Northline Logistics | F83: =IFERROR(PROPER(TRIM(CLEAN(E83))),"Unknown") | G83: DELIVERED | H83: =IFERROR(PROPER(TRIM(CLEAN(G83))),"Unknown") | I83: =IFERROR(NETWORKDAYS(DATEVALUE("11/10/2025"),DATEVALUE("2025-11-12")),"N/A")
B84: 100078 | C84: West | D84: =IFERROR(PROPER(TRIM(CLEAN(C84))),"Unknown") | E84: Coastal Express | F84: =IFERROR(PROPER(TRIM(CLEAN(E84))),"Unknown") | G84: Delivered | H84: =IFERROR(PROPER(TRIM(CLEAN(G84))),"Unknown") | I84: =IFERROR(NETWORKDAYS(DATEVALUE("10/13/2025"),DATEVALUE("16-Oct-2025")),"N/A")
B85: 100079 | C85: midwest | D85: =IFERROR(PROPER(TRIM(CLEAN(C85))),"Unknown") | E85: Coastal Express | F85: =IFERROR(PROPER(TRIM(CLEAN(E85))),"Unknown") | G85: Delivered | H85: =IFERROR(PROPER(TRIM(CLEAN(G85))),"Unknown") | I85: =IFERROR(NETWORKDAYS(DATEVALUE("2025-10-06"),DATEVALUE("08-Oct-2025")),"N/A")
B86: 100080 | C86: Southeast | D86: =IFERROR(PROPER(TRIM(CLEAN(C86))),"Unknown") | E86: Apex Freight | F86: =IFERROR(PROPER(TRIM(CLEAN(E86))),"Unknown") | G86: Delivered | H86: =IFERROR(PROPER(TRIM(CLEAN(G86))),"Unknown") | I86: =IFERROR(NETWORKDAYS(DATEVALUE("12/13/2025"),DATEVALUE("16-Dec-2025")),"N/A")
B87: 100081 | C87: Mountain | D87: =IFERROR(PROPER(TRIM(CLEAN(C87))),"Unknown") | E87: Apex Freight | F87: =IFERROR(PROPER(TRIM(CLEAN(E87))),"Unknown") | G87: Delivered | H87: =IFERROR(PROPER(TRIM(CLEAN(G87))),"Unknown") | I87: =IFERROR(NETWORKDAYS(DATEVALUE("2025-10-09"),DATEVALUE("13-Oct-2025")),"N/A")
B88: 100082 | C88: West | D88: =IFERROR(PROPER(TRIM(CLEAN(C88))),"Unknown") | E88: Apex Freight | F88: =IFERROR(PROPER(TRIM(CLEAN(E88))),"Unknown") | G88: Delivered | H88: =IFERROR(PROPER(TRIM(CLEAN(G88))),"Unknown") | I88: =IFERROR(NETWORKDAYS(DATEVALUE("01-Nov-2025"),DATEVALUE("2025-11-03")),"N/A")
B89: 100083 | C89: MOUNTAIN | D89: =IFERROR(PROPER(TRIM(CLEAN(C89))),"Unknown") | E89: Summit Carriers | F89: =IFERROR(PROPER(TRIM(CLEAN(E89))),"Unknown") | G89: Delivered | H89: =IFERROR(PROPER(TRIM(CLEAN(G89))),"Unknown") | I89: =IFERROR(NETWORKDAYS(DATEVALUE("08-Nov-2025"),DATEVALUE("11/13/2025")),"N/A")
B90: 100084 | C90: Southwest | D90: =IFERROR(PROPER(TRIM(CLEAN(C90))),"Unknown") | E90: Northline Logistics | F90: =IFERROR(PROPER(TRIM(CLEAN(E90))),"Unknown") | G90: Failed - Carrier Delay | H90: =IFERROR(PROPER(TRIM(CLEAN(G90))),"Unknown") | I90: =IFERROR(NETWORKDAYS(DATEVALUE("03-Nov-2025"),DATEVALUE("05-Nov-2025")),"N/A")
B91: 100085 | C91: Southeast | D91: =IFERROR(PROPER(TRIM(CLEAN(C91))),"Unknown") | E91: Northline Logistics | F91: =IFERROR(PROPER(TRIM(CLEAN(E91))),"Unknown") | G91: DELIVERED | H91: =IFERROR(PROPER(TRIM(CLEAN(G91))),"Unknown") | I91: =IFERROR(NETWORKDAYS(DATEVALUE("10/01/2025"),DATEVALUE("2025-10-05")),"N/A")
B92: 100086 | C92: West | D92: =IFERROR(PROPER(TRIM(CLEAN(C92))),"Unknown") | E92: Summit Carriers | F92: =IFERROR(PROPER(TRIM(CLEAN(E92))),"Unknown") | G92: Delivered | H92: =IFERROR(PROPER(TRIM(CLEAN(G92))),"Unknown") | I92: =IFERROR(NETWORKDAYS(DATEVALUE("10-Oct-2025"),DATEVALUE("10/13/2025")),"N/A")
B93: 100087 | C93: Southwest | D93: =IFERROR(PROPER(TRIM(CLEAN(C93))),"Unknown") | E93: Northline Logistics | F93: =IFERROR(PROPER(TRIM(CLEAN(E93))),"Unknown") | G93: Failed - Carrier Delay | H93: =IFERROR(PROPER(TRIM(CLEAN(G93))),"Unknown") | I93: =IFERROR(NETWORKDAYS(DATEVALUE("04-Nov-2025"),DATEVALUE("07-Nov-2025")),"N/A")
B94: 100088 | C94: West | D94: =IFERROR(PROPER(TRIM(CLEAN(C94))),"Unknown") | E94: Coastal Express | F94: =IFERROR(PROPER(TRIM(CLEAN(E94))),"Unknown") | G94: Delivered | H94: =IFERROR(PROPER(TRIM(CLEAN(G94))),"Unknown") | I94: =IFERROR(NETWORKDAYS(DATEVALUE("26-Nov-2025"),DATEVALUE("2025-11-28")),"N/A")
B95: 100089 | C95: Mountain | D95: =IFERROR(PROPER(TRIM(CLEAN(C95))),"Unknown") | E95: Summit Carriers | F95: =IFERROR(PROPER(TRIM(CLEAN(E95))),"Unknown") | G95: Failed - Wrong Address | H95: =IFERROR(PROPER(TRIM(CLEAN(G95))),"Unknown") | I95: =IFERROR(NETWORKDAYS(DATEVALUE("10/11/2025"),DATEVALUE("10/16/2025")),"N/A")
B96: 100090 | C96: Mid-Atlantic | D96: =IFERROR(PROPER(TRIM(CLEAN(C96))),"Unknown") | E96: COASTAL EXPRESS | F96: =IFERROR(PROPER(TRIM(CLEAN(E96))),"Unknown") | G96: delivered | H96: =IFERROR(PROPER(TRIM(CLEAN(G96))),"Unknown") | I96: =IFERROR(NETWORKDAYS(DATEVALUE("2025-10-04"),DATEVALUE("10/06/2025")),"N/A")
B97: 100091 | C97: Northeast | D97: =IFERROR(PROPER(TRIM(CLEAN(C97))),"Unknown") | E97: northline logistics | F97: =IFERROR(PROPER(TRIM(CLEAN(E97))),"Unknown") | G97: Delivered | H97: =IFERROR(PROPER(TRIM(CLEAN(G97))),"Unknown") | I97: =IFERROR(NETWORKDAYS(DATEVALUE("30-Nov-2025"),DATEVALUE("12/05/2025")),"N/A")
B98: 100092 | C98: Mountain | D98: =IFERROR(PROPER(TRIM(CLEAN(C98))),"Unknown") | E98: Apex Freight | F98: =IFERROR(PROPER(TRIM(CLEAN(E98))),"Unknown") | G98: delivered | H98: =IFERROR(PROPER(TRIM(CLEAN(G98))),"Unknown") | I98: =IFERROR(NETWORKDAYS(DATEVALUE("2025-11-30"),DATEVALUE("03-Dec-2025")),"N/A")
B99: 100093 | C99: Pacific Northwest | D99: =IFERROR(PROPER(TRIM(CLEAN(C99))),"Unknown") | E99: summit carriers | F99: =IFERROR(PROPER(TRIM(CLEAN(E99))),"Unknown") | G99: Delivered | H99: =IFERROR(PROPER(TRIM(CLEAN(G99))),"Unknown") | I99: =IFERROR(NETWORKDAYS(DATEVALUE("06-Nov-2025"),DATEVALUE("10-Nov-2025")),"N/A")
B100: 100094 | C100: Mid-Atlantic | D100: =IFERROR(PROPER(TRIM(CLEAN(C100))),"Unknown") | E100: Apex Freight | F100: =IFERROR(PROPER(TRIM(CLEAN(E100))),"Unknown") | G100: Delivered - Late | H100: =IFERROR(PROPER(TRIM(CLEAN(G100))),"Unknown") | I100: =IFERROR(NETWORKDAYS(DATEVALUE("11/21/2025"),DATEVALUE("26-Nov-2025")),"N/A")
B101: 100095 | C101: Mid-Atlantic | D101: =IFERROR(PROPER(TRIM(CLEAN(C101))),"Unknown") | E101: Summit Carriers | F101: =IFERROR(PROPER(TRIM(CLEAN(E101))),"Unknown") | G101: Delivered | H101: =IFERROR(PROPER(TRIM(CLEAN(G101))),"Unknown") | I101: =IFERROR(NETWORKDAYS(DATEVALUE("2025-12-20"),DATEVALUE("12/24/2025")),"N/A")
B102: 100096 | C102: Mountain | D102: =IFERROR(PROPER(TRIM(CLEAN(C102))),"Unknown") | E102: apex freight | F102: =IFERROR(PROPER(TRIM(CLEAN(E102))),"Unknown") | G102: Delivered | H102: =IFERROR(PROPER(TRIM(CLEAN(G102))),"Unknown") | I102: =IFERROR(NETWORKDAYS(DATEVALUE("10/04/2025"),DATEVALUE("10/09/2025")),"N/A")
...

Sheet SQL Diagnostic Summary
B2: SQL Diagnostic Analysis — Full Dataset (1,000 records)
B3: Queries run against the cleaned delivery dataset via SQL (SQLite). Results below are the actual query outputs.
B5: Headline KPIs
B6: Total records analyzed | C6: 1000
B7: First-attempt delivery rate | C7: 0.838
B8: OTIF (On-Time, In-Full) | C8: 0.746
B10: Query used — First-Attempt Rate
B11: SELECT ROUND(100.0 * SUM(CASE WHEN Delivery_Status IN ('Delivered','Delivered - Late') THEN 1 ELSE 0 END) / COUNT(*), 2) AS first_attempt_pct FROM deliveries;
B13: Query used — OTIF Rate
B14: SELECT ROUND(100.0 * SUM(CASE WHEN Delivery_Status='Delivered' AND Order_Complete='Y' AND date(Actual_Delivery_Date)<=date(Promised_Delivery_Date) THEN 1 ELSE 0 END) / COUNT(*), 2) AS otif_pct FROM deliveries;
B16: Failure Rate by Region × Carrier (worst combinations)
B17: Region | C17: Carrier | D17: Total Deliveries | E17: Failures | F17: Failure Rate %
B18: Southwest | C18: Coastal Express | D18: 35 | E18: 16 | F18: 0.4571
B19: Southeast | C19: Coastal Express | D19: 37 | E19: 11 | F19: 0.2973
B20: Mountain | C20: Coastal Express | D20: 27 | E20: 8 | F20: 0.2963
B21: Mid-Atlantic | C21: Northline Logistics | D21: 26 | E21: 7 | F21: 0.2692
B22: Midwest | C22: Coastal Express | D22: 36 | E22: 8 | F22: 0.2222
B23: Midwest | C23: Northline Logistics | D23: 18 | E23: 4 | F23: 0.2222
B24: West | C24: Northline Logistics | D24: 27 | E24: 6 | F24: 0.2222
B25: West | C25: Coastal Express | D25: 31 | E25: 6 | F25: 0.1935
B27: Root Cause Breakdown (of all failures)
B28: Failure Reason | C28: Count | D28: % of Failures
B29: CARRIER_DELAY | C29: 83 | D29: 0.5123
B30: ADDR_ERR | C30: 63 | D30: 0.3889
B31: CUST_UNAVAIL | C31: 16 | D31: 0.0988
B33: Lead Time Variance by Carrier (days, ship-to-delivery)
B34: Carrier | C34: Avg Lead Time (days) | D34: Std Dev (days) | E34: Deliveries
B35: Apex Freight | C35: 3.19 | D35: 1.37 | E35: 220
B36: Coastal Express | C36: 3.05 | D36: 1.43 | E36: 186
B37: Northline Logistics | C37: 3.24 | D37: 1.49 | E37: 193
B38: Summit Carriers | C38: 3.02 | D38: 1.31 | E38: 239
